{
  "_fv": 39,
  "_type": "dimension",
  "definition": {
    "biomesInDimension": [
      {
        "value": "CUSTOM:Bcbiome"
      }
    ],
    "worldGenType": "Normal world gen",
    "mainFillerBlock": {
      "value": "Blocks.STONE#0"
    },
    "fluidBlock": {
      "value": "Blocks.FLOWING_WATER"
    },
    "canRespawnHere": false,
    "hasFog": false,
    "isDark": false,
    "doesWaterVaporize": false,
    "sleepResult": "ALLOW",
    "hasSkyLight": false,
    "imitateOverworldBehaviour": false,
    "portalFrame": {
      "value": "CUSTOM:Blockbc"
    },
    "portalParticles": {
      "value": "END_ROD"
    },
    "portalLuminance": 15,
    "portalSound": {
      "value": "block.portal.ambient"
    },
    "igniterName": "Dimension key",
    "igniterTab": {
      "value": "TOOLS"
    },
    "texture": "portalopen",
    "portalTexture": "esrdyb",
    "enablePortal": true
  }
}