{
  "_fv": 39,
  "_type": "tool",
  "definition": {
    "renderType": 0,
    "texture": "hammerbc",
    "customModelName": "Normal",
    "name": "Hammerbc",
    "specialInfo": [
      "A powerful HAMMER"
    ],
    "creativeTab": {
      "value": "TOOLS"
    },
    "toolType": "Pickaxe",
    "harvestLevel": 3,
    "efficiency": 10.0,
    "attackSpeed": 1.0,
    "enchantability": 3,
    "damageVsEntity": 4.0,
    "usageCount": 5555,
    "blocksAffected": [],
    "hasGlow": false,
    "repairItems": [
      {
        "value": "CUSTOM:Blockbc"
      }
    ],
    "immuneToFire": false,
    "stayInGridWhenCrafting": false,
    "damageOnCrafting": false,
    "onBlockDestroyedWithTool": {
      "name": "HammerbcBlockDestroyedWithTool"
    }
  }
}